{
  "_comment": "Out-of-the-box default tone seeded into a fresh DB for new users (see _get_default_tone_preset_id in routes.py). Captured from the 'Test' studio tone. vst_rel is resolved against the plugin dir at seed time.",
  "name": "Default Tone",
  "input_gain": 1.0,
  "output_gain": 1.0,
  "gate_threshold": -60.0,
  "pieces": [
    {
      "slot_order": 0,
      "slot": "pre_pedal",
      "rs_gear_type": "Pedal_EQ8",
      "kind": "vst",
      "params_json": "{}",
      "assigned_mode": "manual",
      "bypassed": 0,
      "vst_rel": "vst/pedals/GE-8.vst3",
      "vst_format": "VST3",
      "vst_state": "{\"params\":{\"0\":0.03125,\"1\":0.125,\"2\":0.5,\"3\":0.5,\"4\":0.5,\"5\":0.5,\"6\":0.5,\"7\":0.5,\"8\":0.5,\"9\":0.5,\"50\":0.5,\"100\":0.5,\"200\":0.5,\"400\":0.5,\"800\":0.5,\"1600\":0.5,\"3200\":0.5,\"6400\":0.5,\"Buffer Size\":0.03125,\"Sample Rate\":0.125},\"logical\":{\"0\":0.5301162233405223,\"1\":0.4702072849269111}}"
    },
    {
      "slot_order": 1,
      "slot": "rack",
      "rs_gear_type": "Rack_StudioEQ",
      "kind": "vst",
      "params_json": "{}",
      "assigned_mode": "manual",
      "bypassed": 0,
      "vst_rel": "vst/racks/LNG.vst3",
      "vst_format": "VST3",
      "vst_state": "{\"params\":{\"0\":0.03125,\"1\":0.125,\"2\":0.5647059082984924,\"3\":0.5647059082984924,\"4\":0.5176470875740051,\"5\":0.5235294103622437,\"6\":0.6882352828979492,\"7\":0.5117647051811218,\"8\":0.5176470875740051,\"9\":0.5117647051811218,\"10\":0.6000000238418579,\"11\":0.6000000238418579,\"12\":0.7529411911964417,\"13\":0.3588235378265381,\"14\":0.364705890417099,\"15\":0.8823529481887817,\"16\":0.5588235259056091,\"Buffer Size\":0.03125,\"Sample Rate\":0.125,\"Bass\":0.5647059082984924,\"BassFreq\":0.5647059082984924,\"BassQ\":0.5176470875740051,\"LoMid\":0.5235294103622437,\"LoMidFreq\":0.6882352828979492,\"LoMidQ\":0.5117647051811218,\"Mid\":0.5176470875740051,\"MidFreq\":0.5117647051811218,\"MidQ\":0.6000000238418579,\"HiMid\":0.6000000238418579,\"HiMidFreq\":0.7529411911964417,\"HiMidQ\":0.3588235378265381,\"Treble\":0.364705890417099,\"TrebleFreq\":0.8823529481887817,\"TrebleQ\":0.5588235259056091},\"logical\":{\"0\":0.5647059082984924,\"1\":0.5647059082984924,\"2\":0.5176470875740051,\"3\":0.5235294103622437,\"4\":0.6882352828979492,\"5\":0.5117647051811218,\"6\":0.5176470875740051,\"7\":0.5117647051811218,\"8\":0.6000000238418579,\"9\":0.6000000238418579,\"10\":0.7529411911964417,\"11\":0.3588235378265381,\"12\":0.364705890417099,\"13\":0.8823529481887817,\"14\":0.5588235259056091}}"
    },
    {
      "slot_order": 2,
      "slot": "amp",
      "rs_gear_type": "Amp_AT20",
      "kind": "vst",
      "params_json": "{}",
      "assigned_mode": "manual",
      "bypassed": 0,
      "vst_rel": "vst/amps/SamplegSBTCL.vst3",
      "vst_format": "VST3",
      "vst_state": null
    }
  ]
}